,L'Or√©al Paris Makeup Voluminous Original Mascara,beauty & health,5.84,1843
,Thayers Alcohol-Free Rose Petal Witch Hazel with Aloe Vera,beauty & health,9.29,839
,Radha Beauty Essential Oil Set,beauty & health,14.95,917
,Echo Dot (2nd Generation) - Smart speaker with Alexa - Black,electronics,49.99,349
,Saddleback Leather Co. Full Grain Leather Backpack Squared Travel School Book Bag Includes100 Year Warranty,luggage,569.00,1548
,1903 Gold $5 MS66 PCGS,jewelry,3650.00,25
,Unique Royal Jewelry 18k White Gold GIA Yellow Radiant Cut Diamond .97 VS1 HPHT Ring,jewelry,30397.99,1905
,Sun Pleasure GIANT Party Bird Island Unicorn,toys,249.95,674
,Meowijuana Purrple Passion Catnip Buds,pet,28.89,1038
,Accoutrements Waxed Bacon Floss (Pack of 2),beauty & health,8.99,1069
,Jollylife 1 X AK-47 Magazine Bullet Ice Cube Mold Tray,kitchen & dinning,5.40,1887
,Allures & Illusions Giant Googly Eyes (Set of 2),toys,14.59,91
,"Marna Pink Piggy Steamer, 6-9/10'",kitchen & dinning,13.87,1717